,,,Availability,,,
Company,Quarter,Sector,Transcript,Notes,PPT,Concall Audio
Affle 3i Ltd.,Q4-2024,Communication,TRUE,TRUE,TRUE,TRUE
Affle 3i Ltd.,Q1-2025,Communication,TRUE,TRUE,TRUE,TRUE
Affle 3i Ltd.,Q2-2025,Communication,TRUE,TRUE,TRUE,FALSE
Affle 3i Ltd.,Q3-2025,Communication,TRUE,TRUE,TRUE,TRUE
Affle 3i Ltd.,Q4-2025,Communication,TRUE,TRUE,TRUE,TRUE
Aditya Birla Fashion and Retail Ltd.,Q4-2024,Consumer Goods,TRUE,TRUE,TRUE,FALSE
Aditya Birla Fashion and Retail Ltd.,Q1-2025,Consumer Goods,TRUE,TRUE,TRUE,FALSE
Aditya Birla Fashion and Retail Ltd.,Q2-2025,Consumer Goods,TRUE,TRUE,TRUE,FALSE
Aditya Birla Fashion and Retail Ltd.,Q3-2025,Consumer Goods,TRUE,TRUE,TRUE,FALSE
Aditya Birla Fashion and Retail Ltd.,Q4-2025,Consumer Goods,TRUE,TRUE,TRUE,TRUE
Asian Paints Ltd.,Q2-2025,Consumer Goods,TRUE,TRUE,TRUE,FALSE
Asian Paints Ltd.,Q3-2025,Consumer Goods,TRUE,TRUE,TRUE,TRUE
Asian Paints Ltd.,Q4-2025,Consumer Goods,TRUE,TRUE,TRUE,TRUE
Asian Paints Ltd.,Q1-2026,Consumer Goods,TRUE,TRUE,TRUE,TRUE
Asian Paints Ltd.,Q2-2026,Consumer Goods,TRUE,TRUE,TRUE,TRUE
Britannia Industries Ltd.,Q2-2025,Consumer Goods,TRUE,TRUE,TRUE,FALSE
Britannia Industries Ltd.,Q3-2025,Consumer Goods,TRUE,TRUE,TRUE,TRUE
Britannia Industries Ltd.,Q4-2025,Consumer Goods,TRUE,TRUE,TRUE,FALSE
Britannia Industries Ltd.,Q1-2026,Consumer Goods,TRUE,TRUE,TRUE,TRUE
Britannia Industries Ltd.,Q2-2026,Consumer Goods,TRUE,TRUE,TRUE,TRUE
ITC Ltd.,Q2-2025,Consumer Goods,FALSE,FALSE,TRUE,FALSE
ITC Ltd.,Q3-2025,Consumer Goods,FALSE,FALSE,TRUE,FALSE
ITC Ltd.,Q4-2025,Consumer Goods,FALSE,FALSE,TRUE,FALSE
ITC Ltd.,Q1-2026,Consumer Goods,FALSE,FALSE,TRUE,FALSE
ITC Ltd.,Q2-2026,Consumer Goods,FALSE,FALSE,TRUE,FALSE
Borosil Ltd.,Q2-2025,Consumer Goods,TRUE,TRUE,TRUE,FALSE
Borosil Ltd.,Q3-2025,Consumer Goods,TRUE,TRUE,TRUE,FALSE
Borosil Ltd.,Q4-2025,Consumer Goods,TRUE,TRUE,TRUE,FALSE
Borosil Ltd.,Q1-2026,Consumer Goods,TRUE,TRUE,TRUE,TRUE
Borosil Ltd.,Q2-2026,Consumer Goods,TRUE,TRUE,TRUE,TRUE
Dabur India Ltd.,Q2-2025,Consumer Goods,TRUE,TRUE,TRUE,FALSE
Dabur India Ltd.,Q3-2025,Consumer Goods,TRUE,TRUE,TRUE,TRUE
Dabur India Ltd.,Q4-2025,Consumer Goods,TRUE,TRUE,TRUE,TRUE
Dabur India Ltd.,Q1-2026,Consumer Goods,TRUE,TRUE,TRUE,FALSE
Dabur India Ltd.,Q2-2026,Consumer Goods,TRUE,TRUE,TRUE,TRUE
Adani Energy Solutions Ltd.,Q4-2024,Energy,TRUE,TRUE,TRUE,FALSE
Adani Energy Solutions Ltd.,Q1-2025,Energy,TRUE,TRUE,TRUE,FALSE
Adani Energy Solutions Ltd.,Q2-2025,Energy,TRUE,TRUE,TRUE,FALSE
Adani Energy Solutions Ltd.,Q3-2025,Energy,TRUE,TRUE,TRUE,FALSE
Adani Energy Solutions Ltd.,Q4-2025,Energy,TRUE,TRUE,TRUE,TRUE
Adani Green Energy Ltd.,Q4-2024,Energy,TRUE,TRUE,TRUE,FALSE
Adani Green Energy Ltd.,Q1-2025,Energy,TRUE,TRUE,TRUE,FALSE
Adani Green Energy Ltd.,Q2-2025,Energy,TRUE,TRUE,TRUE,TRUE
Adani Green Energy Ltd.,Q3-2025,Energy,TRUE,TRUE,FALSE,FALSE
Adani Green Energy Ltd.,Q4-2025,Energy,TRUE,TRUE,TRUE,TRUE
Adani Power Ltd.,Q4-2024,Energy,TRUE,TRUE,TRUE,FALSE
Adani Power Ltd.,Q1-2025,Energy,TRUE,TRUE,TRUE,TRUE
Adani Power Ltd.,Q2-2025,Energy,TRUE,TRUE,TRUE,FALSE
Adani Power Ltd.,Q3-2025,Energy,TRUE,TRUE,TRUE,FALSE
Adani Power Ltd.,Q4-2025,Energy,TRUE,TRUE,TRUE,FALSE
Bharat Heavy Electricals Ltd.,Q2-2025,Energy,FALSE,FALSE,TRUE,FALSE
Bharat Heavy Electricals Ltd.,Q3-2025,Energy,FALSE,FALSE,TRUE,FALSE
Bharat Heavy Electricals Ltd.,Q4-2025,Energy,FALSE,FALSE,TRUE,FALSE
Bharat Heavy Electricals Ltd.,Q1-2026,Energy,FALSE,FALSE,FALSE,FALSE
Bharat Heavy Electricals Ltd.,Q2-2026,Energy,FALSE,FALSE,FALSE,FALSE
Tata Power Company Ltd.,Q2-2025,Energy,TRUE,TRUE,TRUE,TRUE
Tata Power Company Ltd.,Q3-2025,Energy,TRUE,TRUE,TRUE,FALSE
Tata Power Company Ltd.,Q4-2025,Energy,TRUE,TRUE,FALSE,TRUE
Tata Power Company Ltd.,Q1-2026,Energy,TRUE,TRUE,TRUE,TRUE
Tata Power Company Ltd.,Q2-2026,Energy,TRUE,TRUE,TRUE,FALSE
NTPC Ltd.,Q2-2025,Energy,TRUE,TRUE,FALSE,FALSE
NTPC Ltd.,Q3-2025,Energy,TRUE,TRUE,FALSE,FALSE
NTPC Ltd.,Q4-2025,Energy,TRUE,TRUE,TRUE,FALSE
NTPC Ltd.,Q1-2026,Energy,TRUE,TRUE,TRUE,FALSE
NTPC Ltd.,Q2-2026,Energy,TRUE,TRUE,FALSE,TRUE
Hitachi Energy India Ltd.,Q2-2025,Energy,TRUE,TRUE,TRUE,FALSE
Hitachi Energy India Ltd.,Q3-2025,Energy,TRUE,TRUE,TRUE,TRUE
Hitachi Energy India Ltd.,Q4-2025,Energy,TRUE,TRUE,TRUE,FALSE
Hitachi Energy India Ltd.,Q1-2026,Energy,TRUE,TRUE,TRUE,FALSE
Hitachi Energy India Ltd.,Q2-2026,Energy,TRUE,TRUE,TRUE,TRUE
360 One Wam Ltd.,Q4-2024,Finance,TRUE,TRUE,TRUE,FALSE
360 One Wam Ltd.,Q1-2025,Finance,FALSE,FALSE,TRUE,TRUE
360 One Wam Ltd.,Q2-2025,Finance,TRUE,TRUE,TRUE,TRUE
360 One Wam Ltd.,Q3-2025,Finance,TRUE,TRUE,TRUE,FALSE
360 One Wam Ltd.,Q4-2025,Finance,TRUE,TRUE,TRUE,FALSE
Aditya Birla Capital Ltd.,Q4-2024,Finance,TRUE,TRUE,TRUE,TRUE
Aditya Birla Capital Ltd.,Q1-2025,Finance,TRUE,TRUE,TRUE,TRUE
Aditya Birla Capital Ltd.,Q2-2025,Finance,TRUE,TRUE,TRUE,FALSE
Aditya Birla Capital Ltd.,Q3-2025,Finance,TRUE,TRUE,TRUE,FALSE
Aditya Birla Capital Ltd.,Q4-2025,Finance,TRUE,TRUE,TRUE,TRUE
State Bank of India,Q2-2025,Finance,TRUE,TRUE,TRUE,FALSE
State Bank of India,Q3-2025,Finance,TRUE,TRUE,TRUE,FALSE
State Bank of India,Q4-2025,Finance,TRUE,TRUE,TRUE,FALSE
State Bank of India,Q1-2026,Finance,TRUE,TRUE,TRUE,FALSE
State Bank of India,Q2-2026,Finance,TRUE,TRUE,TRUE,FALSE
ICICI Bank Ltd.,Q2-2025,Finance,TRUE,TRUE,TRUE,FALSE
ICICI Bank Ltd.,Q3-2025,Finance,TRUE,TRUE,TRUE,FALSE
ICICI Bank Ltd.,Q4-2025,Finance,TRUE,TRUE,TRUE,TRUE
ICICI Bank Ltd.,Q1-2026,Finance,TRUE,TRUE,TRUE,TRUE
ICICI Bank Ltd.,Q2-2026,Finance,TRUE,TRUE,TRUE,TRUE
Muthoot Finance Ltd.,Q2-2025,Finance,TRUE,TRUE,TRUE,TRUE
Muthoot Finance Ltd.,Q3-2025,Finance,TRUE,TRUE,TRUE,TRUE
Muthoot Finance Ltd.,Q4-2025,Finance,TRUE,TRUE,TRUE,FALSE
Muthoot Finance Ltd.,Q1-2026,Finance,TRUE,TRUE,TRUE,TRUE
Muthoot Finance Ltd.,Q2-2026,Finance,TRUE,TRUE,TRUE,TRUE
Bajaj Finserv Ltd.,Q2-2025,Finance,TRUE,TRUE,TRUE,FALSE
Bajaj Finserv Ltd.,Q3-2025,Finance,TRUE,TRUE,TRUE,TRUE
Bajaj Finserv Ltd.,Q4-2025,Finance,TRUE,TRUE,TRUE,TRUE
Bajaj Finserv Ltd.,Q1-2026,Finance,TRUE,TRUE,TRUE,FALSE
Bajaj Finserv Ltd.,Q2-2026,Finance,TRUE,TRUE,TRUE,TRUE
Aditya Birla Capital Ltd.,Q2-2025,Finance,TRUE,TRUE,TRUE,TRUE
Aditya Birla Capital Ltd.,Q3-2025,Finance,TRUE,TRUE,TRUE,TRUE
Aditya Birla Capital Ltd.,Q4-2025,Finance,TRUE,TRUE,TRUE,FALSE
Aditya Birla Capital Ltd.,Q1-2026,Finance,TRUE,TRUE,TRUE,FALSE
Aditya Birla Capital Ltd.,Q2-2026,Finance,TRUE,TRUE,TRUE,TRUE
Ajanta Pharma Ltd.,Q4-2024,Healthcare,TRUE,TRUE,FALSE,FALSE
Ajanta Pharma Ltd.,Q1-2025,Healthcare,TRUE,TRUE,TRUE,FALSE
Ajanta Pharma Ltd.,Q2-2025,Healthcare,TRUE,TRUE,TRUE,TRUE
Ajanta Pharma Ltd.,Q3-2025,Healthcare,TRUE,TRUE,TRUE,FALSE
Ajanta Pharma Ltd.,Q4-2025,Healthcare,TRUE,TRUE,TRUE,TRUE
Apollo Hospitals Enterprise Ltd.,Q2-2025,Healthcare,TRUE,TRUE,TRUE,TRUE
Apollo Hospitals Enterprise Ltd.,Q3-2025,Healthcare,TRUE,TRUE,TRUE,TRUE
Apollo Hospitals Enterprise Ltd.,Q4-2025,Healthcare,TRUE,TRUE,TRUE,FALSE
Apollo Hospitals Enterprise Ltd.,Q1-2026,Healthcare,TRUE,TRUE,TRUE,TRUE
Apollo Hospitals Enterprise Ltd.,Q2-2026,Healthcare,TRUE,TRUE,TRUE,TRUE
Dr Reddys Laboratories Ltd.,Q2-2025,Healthcare,TRUE,TRUE,FALSE,TRUE
Dr Reddys Laboratories Ltd.,Q3-2025,Healthcare,TRUE,TRUE,FALSE,TRUE
Dr Reddys Laboratories Ltd.,Q4-2025,Healthcare,TRUE,TRUE,FALSE,TRUE
Dr Reddys Laboratories Ltd.,Q1-2026,Healthcare,TRUE,TRUE,TRUE,TRUE
Dr Reddys Laboratories Ltd.,Q2-2026,Healthcare,TRUE,TRUE,TRUE,TRUE
Dr Lal Pathlabs Ltd.,Q2-2025,Healthcare,TRUE,TRUE,TRUE,FALSE
Dr Lal Pathlabs Ltd.,Q3-2025,Healthcare,TRUE,TRUE,TRUE,FALSE
Dr Lal Pathlabs Ltd.,Q4-2025,Healthcare,TRUE,TRUE,TRUE,TRUE
Dr Lal Pathlabs Ltd.,Q1-2026,Healthcare,TRUE,TRUE,TRUE,FALSE
Dr Lal Pathlabs Ltd.,Q2-2026,Healthcare,TRUE,TRUE,TRUE,TRUE
Fortis Healthcare Ltd.,Q2-2025,Healthcare,TRUE,TRUE,TRUE,FALSE
Fortis Healthcare Ltd.,Q3-2025,Healthcare,TRUE,TRUE,TRUE,TRUE
Fortis Healthcare Ltd.,Q4-2025,Healthcare,TRUE,TRUE,TRUE,FALSE
Fortis Healthcare Ltd.,Q1-2026,Healthcare,TRUE,TRUE,TRUE,FALSE
Fortis Healthcare Ltd.,Q2-2026,Healthcare,TRUE,TRUE,TRUE,TRUE
Max Healthcare Institute Ltd.,Q2-2025,Healthcare,TRUE,TRUE,TRUE,TRUE
Max Healthcare Institute Ltd.,Q3-2025,Healthcare,TRUE,TRUE,TRUE,TRUE
Max Healthcare Institute Ltd.,Q4-2025,Healthcare,TRUE,TRUE,TRUE,TRUE
Max Healthcare Institute Ltd.,Q1-2026,Healthcare,TRUE,TRUE,TRUE,TRUE
Max Healthcare Institute Ltd.,Q2-2026,Healthcare,TRUE,TRUE,TRUE,TRUE
Aarti Industies Ltd.,Q4-2024,Industrial,TRUE,TRUE,TRUE,FALSE
Aarti Industies Ltd.,Q1-2025,Industrial,TRUE,TRUE,TRUE,TRUE
Aarti Industies Ltd.,Q2-2025,Industrial,TRUE,TRUE,TRUE,TRUE
Aarti Industies Ltd.,Q3-2025,Industrial,TRUE,TRUE,TRUE,TRUE
Aarti Industies Ltd.,Q4-2025,Industrial,TRUE,TRUE,TRUE,TRUE
ACC Ltd.,Q4-2024,Industrial,TRUE,TRUE,TRUE,FALSE
ACC Ltd.,Q1-2025,Industrial,TRUE,TRUE,TRUE,TRUE
ACC Ltd.,Q2-2025,Industrial,TRUE,TRUE,TRUE,TRUE
ACC Ltd.,Q3-2025,Industrial,TRUE,TRUE,TRUE,FALSE
ACC Ltd.,Q4-2025,Industrial,TRUE,TRUE,TRUE,TRUE
Action Construction Equipment Ltd.,Q4-2024,Industrial,TRUE,TRUE,TRUE,TRUE
Action Construction Equipment Ltd.,Q1-2025,Industrial,TRUE,TRUE,TRUE,TRUE
Action Construction Equipment Ltd.,Q2-2025,Industrial,TRUE,TRUE,TRUE,TRUE
Action Construction Equipment Ltd.,Q3-2025,Industrial,TRUE,TRUE,TRUE,FALSE
Action Construction Equipment Ltd.,Q4-2025,Industrial,TRUE,TRUE,TRUE,TRUE
AIA Engineering Ltd.,Q4-2024,Industrial,TRUE,TRUE,TRUE,FALSE
AIA Engineering Ltd.,Q1-2025,Industrial,TRUE,TRUE,TRUE,FALSE
AIA Engineering Ltd.,Q2-2025,Industrial,TRUE,TRUE,TRUE,FALSE
AIA Engineering Ltd.,Q3-2025,Industrial,TRUE,TRUE,TRUE,FALSE
AIA Engineering Ltd.,Q4-2025,Industrial,TRUE,TRUE,TRUE,TRUE
Adani Ports And Special Economic Zones Ltd.,Q4-2024,Port and Logistics,TRUE,TRUE,TRUE,FALSE
Adani Ports And Special Economic Zones Ltd.,Q1-2025,Port and Logistics,TRUE,TRUE,TRUE,TRUE
Adani Ports And Special Economic Zones Ltd.,Q2-2025,Port and Logistics,TRUE,TRUE,TRUE,FALSE
Adani Ports And Special Economic Zones Ltd.,Q3-2025,Port and Logistics,TRUE,TRUE,TRUE,TRUE
Adani Ports And Special Economic Zones Ltd.,Q4-2025,Port and Logistics,TRUE,TRUE,TRUE,TRUE
Aditya Birla Real Estate Ltd.,Q4-2024,Real Estate,TRUE,TRUE,TRUE,FALSE
Aditya Birla Real Estate Ltd.,Q1-2025,Real Estate,TRUE,TRUE,TRUE,FALSE
Aditya Birla Real Estate Ltd.,Q2-2025,Real Estate,TRUE,TRUE,TRUE,FALSE
Aditya Birla Real Estate Ltd.,Q3-2025,Real Estate,TRUE,TRUE,TRUE,FALSE
Aditya Birla Real Estate Ltd.,Q4-2025,Real Estate,TRUE,TRUE,TRUE,TRUE
Infosys Ltd.,Q2-2025,Tech,TRUE,TRUE,FALSE,FALSE
Infosys Ltd.,Q3-2025,Tech,TRUE,TRUE,TRUE,FALSE
Infosys Ltd.,Q4-2025,Tech,TRUE,TRUE,TRUE,TRUE
Infosys Ltd.,Q1-2026,Tech,TRUE,TRUE,TRUE,FALSE
Infosys Ltd.,Q2-2026,Tech,TRUE,TRUE,FALSE,TRUE
Tata Consultancy Services Ltd.,Q2-2025,Tech,TRUE,TRUE,TRUE,TRUE
Tata Consultancy Services Ltd.,Q3-2025,Tech,TRUE,TRUE,TRUE,TRUE
Tata Consultancy Services Ltd.,Q4-2025,Tech,TRUE,TRUE,TRUE,TRUE
Tata Consultancy Services Ltd.,Q1-2026,Tech,TRUE,TRUE,TRUE,TRUE
Tata Consultancy Services Ltd.,Q2-2026,Tech,TRUE,TRUE,TRUE,TRUE
Wipro Ltd.,Q2-2025,Tech,TRUE,TRUE,TRUE,FALSE
Wipro Ltd.,Q3-2025,Tech,TRUE,TRUE,FALSE,FALSE
Wipro Ltd.,Q4-2025,Tech,TRUE,TRUE,TRUE,TRUE
Wipro Ltd.,Q1-2026,Tech,TRUE,TRUE,TRUE,TRUE
Wipro Ltd.,Q2-2026,Tech,TRUE,TRUE,TRUE,TRUE
Tech Mahindra Ltd.,Q2-2025,Tech,TRUE,TRUE,TRUE,FALSE
Tech Mahindra Ltd.,Q3-2025,Tech,TRUE,TRUE,TRUE,FALSE
Tech Mahindra Ltd.,Q4-2025,Tech,TRUE,TRUE,TRUE,TRUE
Tech Mahindra Ltd.,Q1-2026,Tech,TRUE,TRUE,TRUE,TRUE
Tech Mahindra Ltd.,Q2-2026,Tech,TRUE,TRUE,TRUE,TRUE
HCL Technologies Ltd.,Q2-2025,Tech,TRUE,TRUE,TRUE,FALSE
HCL Technologies Ltd.,Q3-2025,Tech,TRUE,TRUE,TRUE,FALSE
HCL Technologies Ltd.,Q4-2025,Tech,TRUE,TRUE,TRUE,TRUE
HCL Technologies Ltd.,Q1-2026,Tech,TRUE,TRUE,TRUE,TRUE
HCL Technologies Ltd.,Q2-2026,Tech,TRUE,TRUE,TRUE,TRUE
APOLLO MICRO SYSTEMS LTD,Q4-2025,Aerospace and Defense,TRUE,TRUE,TRUE,TRUE
ASTRA MICROWAVE LTD,Q4-2025,Aerospace and Defense,TRUE,TRUE,TRUE,FALSE
AVANTEL LIMITED,Q4-2025,Aerospace and Defense,FALSE,FALSE,FALSE,FALSE
AXISCADES TECH LTD,Q4-2025,Aerospace and Defense,TRUE,TRUE,TRUE,FALSE
BHARAT DYNAMICS LIMITED,Q4-2025,Aerospace and Defense,FALSE,FALSE,FALSE,FALSE
BHARAT ELECTRONICS LTD,Q4-2025,Aerospace and Defense,TRUE,TRUE,FALSE,TRUE
C2C ADVANCED SYSTEMS LTD,Q4-2025,Aerospace and Defense,FALSE,FALSE,FALSE,FALSE
DATA PATTERNS INDIA LTD,Q4-2025,Aerospace and Defense,TRUE,TRUE,TRUE,TRUE
DCX SYSTEMS LIMITED,Q4-2025,Aerospace and Defense,TRUE,TRUE,TRUE,FALSE
GARDEN REACH SHIP&ENG LTD,Q4-2025,Aerospace and Defense,TRUE,TRUE,FALSE,TRUE
HINDUSTAN AERONAUTICS LTD,Q4-2025,Aerospace and Defense,TRUE,TRUE,FALSE,TRUE
IDEAFORGE TECHNO LTD,Q4-2025,Aerospace and Defense,TRUE,TRUE,TRUE,FALSE
KRISHNA DEF AND ALD IND L,Q4-2025,Aerospace and Defense,TRUE,TRUE,TRUE,TRUE
MISHRA DHATU NIGAM LTD,Q4-2025,Aerospace and Defense,TRUE,TRUE,FALSE,TRUE
MTAR TECHNOLOGIES LIMITED,Q4-2025,Aerospace and Defense,TRUE,TRUE,TRUE,FALSE
NIBE LIMITED,Q4-2025,Aerospace and Defense,FALSE,FALSE,FALSE,FALSE
PARAS DEF AND SPCE TECH L,Q4-2025,Aerospace and Defense,FALSE,FALSE,TRUE,FALSE
ROSSELL TECHSYS LIMITED,Q4-2025,Aerospace and Defense,FALSE,FALSE,TRUE,FALSE
TECHERA ENGINEER (IND) L,Q4-2025,Aerospace and Defense,TRUE,TRUE,TRUE,TRUE
UNIMECH AEROSPACE N MFG L,Q4-2025,Aerospace and Defense,TRUE,TRUE,TRUE,TRUE
ZEN TECHNOLOGIES LIMITED,Q4-2025,Aerospace and Defense,TRUE,TRUE,TRUE,TRUE
ATHER ENERGY LIMITED,Q4-2025,Automobiles,TRUE,TRUE,TRUE,TRUE
BAJAJ AUTO LIMITED,Q4-2025,Automobiles,TRUE,TRUE,FALSE,TRUE
BIKEWO GREEN TECH LIMITED,Q4-2025,Automobiles,FALSE,FALSE,FALSE,FALSE
DELTA AUTOCORP LIMITED,Q4-2025,Automobiles,TRUE,TRUE,TRUE,FALSE
EICHER MOTORS LTD,Q4-2025,Automobiles,TRUE,TRUE,TRUE,TRUE
FORCE MOTORS LIMITED,Q4-2025,Automobiles,FALSE,FALSE,FALSE,FALSE
HERO MOTOCORP LIMITED,Q4-2025,Automobiles,TRUE,TRUE,FALSE,TRUE
HINDUSTAN MOTORS LIMITED,Q4-2025,Automobiles,FALSE,FALSE,FALSE,FALSE
HYUNDAI MOTOR INDIA LTD,Q4-2025,Automobiles,TRUE,TRUE,TRUE,TRUE
LANDMARK CARS LIMITED,Q4-2025,Automobiles,TRUE,TRUE,TRUE,FALSE
MAHINDRA & MAHINDRA LTD,Q4-2025,Automobiles,TRUE,TRUE,TRUE,FALSE
MARUTI SUZUKI INDIA LTD.,Q4-2025,Automobiles,TRUE,TRUE,TRUE,TRUE
OLA ELECTRIC MOBILITY LTD,Q4-2025,Automobiles,TRUE,TRUE,TRUE,TRUE
OLECTRA GREENTECH LIMITED,Q4-2025,Automobiles,TRUE,TRUE,TRUE,FALSE
POPULAR VEHICLES N SER L,Q4-2025,Automobiles,TRUE,TRUE,TRUE,FALSE
TATA MOTORS LIMITED,Q4-2025,Automobiles,TRUE,TRUE,TRUE,TRUE
TUNWAL E-MOTORS LIMITED,Q4-2025,Automobiles,FALSE,FALSE,FALSE,FALSE
TVS MOTOR COMPANY LTD,Q4-2025,Automobiles,TRUE,TRUE,TRUE,TRUE
ASIAN PAINTS LTD,Q2-2026,Consumer Goods,TRUE,FALSE,TRUE,TRUE
BRITTANIA INDUSTRIES LTD,Q2-2026,Consumer Goods,TRUE,FALSE,TRUE,TRUE
ITC LTD,Q2-2026,Consumer Goods,FALSE,FALSE,TRUE,FALSE
BOROSIL LTD,Q2-2026,Consumer Goods,TRUE,FALSE,TRUE,TRUE
DABUR INDIA LTD,Q2-2026,Consumer Goods,TRUE,FALSE,TRUE,TRUE
BHARAT HEAVY ELECTRICALS LTD,Q1-2026,Energy,FALSE,FALSE,TRUE,FALSE
ADANI GREEN ENERGY LTD,Q2-2026,Energy,TRUE,FALSE,TRUE,TRUE
TATA POWER COMPANY LTD,Q2-2026,Energy,TRUE,FALSE,TRUE,FALSE
NTPC LTD,Q2-2026,Energy,TRUE,FALSE,FALSE,TRUE
HITACHI ENERGY INDIA LTD,Q2-2026,Energy,TRUE,FALSE,TRUE,TRUE
STATE BANK OF INDIA,Q2-2026,Finance,TRUE,FALSE,TRUE,FALSE
ICICI BANK LTD,Q2-2026,Finance,TRUE,FALSE,TRUE,TRUE
ONE 97 COMMUNICATIONS LTD.,Q4-2025,Fintech,TRUE,TRUE,TRUE,TRUE
PB FINTECH LTD,Q4-2025,Fintech,TRUE,TRUE,TRUE,FALSE
BAJAJ FINSERV LTD,Q4-2025,Fintech,TRUE,TRUE,TRUE,TRUE
ANGEL ONE LTD,Q4-2025,Fintech,TRUE,TRUE,TRUE,TRUE
GO DIGIT GENERAL INSURANCE,Q4-2025,Fintech,TRUE,TRUE,TRUE,TRUE
KFIN TECHNOLOGIES LTD,Q4-2025,Fintech,TRUE,TRUE,TRUE,FALSE
BAJAJ FINANCE LTD,Q4-2025,Fintech,TRUE,TRUE,FALSE,FALSE
JIO FINANCIAL SERVICES LTD,Q4-2025,Fintech,TRUE,TRUE,TRUE,TRUE
INFIBEAM AVENUES LTD,Q4-2025,Fintech,TRUE,TRUE,TRUE,TRUE
AGS TRANSACT TECHNOLOGIES LTD,Q2-2025,Fintech,TRUE,TRUE,TRUE,FALSE
CENTRAL DEPOSITORY SERVICES (INDIA) LTD,Q4-2025,Fintech,TRUE,TRUE,TRUE,TRUE
HDFC ASSET MANAGEMENT COMPANY LTD,Q4-2025,Fintech,TRUE,TRUE,TRUE,TRUE
ONE MOBIKWIK SYSTEMS LTD,Q4-2025,Fintech,TRUE,TRUE,TRUE,FALSE
DHANI SERVICES LTD,Q4-2025,Fintech,TRUE,TRUE,FALSE,FALSE
SUNDARAM FINANCE LTD,Q4-2024,Fintech,FALSE,FALSE,TRUE,FALSE
PTC INDIA FINANCIAL SERVICES LTD,Q4-2025,Fintech,TRUE,TRUE,TRUE,TRUE
COMPUTER AGE MANAGEMENT SERVICES LTD,Q4-2025,Fintech,TRUE,TRUE,TRUE,TRUE
INTELLECT DESIGN ARENA LTD,Q4-2025,Fintech,TRUE,TRUE,TRUE,FALSE
TANLA PLATFORMS LTD,Q4-2025,Fintech,TRUE,TRUE,TRUE,TRUE
ZAGGLE PREPAID OCEAN SERVICES LTD.,Q4-2025,Fintech,TRUE,TRUE,TRUE,TRUE
NIYOGIN FINTECH LTD.,Q4-2025,Fintech,FALSE,FALSE,TRUE,FALSE
RNFI SERVICES LTD.,Q4-2025,Fintech,TRUE,TRUE,TRUE,FALSE
DIGISPICE TECHNOLOGIES LTD.,Q4-2025,Fintech,TRUE,TRUE,TRUE,FALSE
3P LAND HOLDINGS LTD,Q4-2025,Fintech,FALSE,FALSE,FALSE,FALSE
AADHAR HOUSING FINANCE LTD,Q4-2025,Fintech,TRUE,TRUE,TRUE,TRUE
AAVAS FINANCIERS LTD,Q4-2025,Fintech,TRUE,TRUE,TRUE,FALSE
ABANS FINANCIAL SERVICES LTD,Q4-2025,Fintech,TRUE,TRUE,TRUE,FALSE
ADITYA BIRLA CAPITAL LTD,Q4-2025,Fintech,TRUE,TRUE,TRUE,FALSE
AKIKO GLOBAL SERVICES LTD,Q4-2025,Fintech,FALSE,FALSE,FALSE,FALSE
AKME FINTRADE (INDIA) LTD,Q4-2025,Fintech,FALSE,FALSE,TRUE,FALSE
APTUS VALUE HOUSING FINANCE INDIA LTD,Q4-2025,Fintech,TRUE,TRUE,TRUE,FALSE
ARMAN FINANCIAL SERVICES LTD,Q4-2025,Fintech,TRUE,TRUE,TRUE,TRUE
ASCOM LEASING & INVESTMENTS LTD,Q4-2025,Fintech,FALSE,FALSE,FALSE,FALSE
AUTHUM INVESTMENT & INFRASTRUCTURE LTD,Q4-2025,Fintech,FALSE,FALSE,FALSE,FALSE
AVONMORE CAPITAL & MANAGEMENT SERVICES LTD,Q4-2025,Fintech,FALSE,FALSE,FALSE,FALSE
BAID FINSERV LTD,Q4-2025,Fintech,FALSE,FALSE,TRUE,FALSE
BAJAJ HOLDINGS & INVESTMENT LTD,Q4-2025,Fintech,FALSE,FALSE,FALSE,FALSE
BAJAJ HOUSING FINANCE LTD,Q4-2025,Fintech,TRUE,TRUE,TRUE,TRUE
BEML LAND ASSETS LTD,Q4-2025,Fintech,FALSE,FALSE,FALSE,FALSE
BF INVESTMENT LTD,Q4-2025,Fintech,FALSE,FALSE,FALSE,FALSE
BINANI INDUSTRIES LTD,Q4-2025,Fintech,FALSE,FALSE,FALSE,FALSE
BLB LTD,Q4-2025,Fintech,FALSE,FALSE,FALSE,FALSE
CAN FIN HOMES LTD,Q4-2025,Fintech,TRUE,TRUE,TRUE,TRUE
CAPITAL INDIA FINANCE LTD,Q4-2025,Fintech,FALSE,FALSE,TRUE,FALSE
CAPITAL TRUST LTD,Q4-2025,Fintech,FALSE,FALSE,TRUE,FALSE
CAPRI GLOBAL CAPITAL LTD,Q4-2025,Fintech,TRUE,TRUE,TRUE,FALSE
CENTRUM CAPITAL LTD,Q4-2025,Fintech,FALSE,FALSE,FALSE,FALSE
CHOICE INTERNATIONAL LTD,Q4-2025,Fintech,TRUE,TRUE,TRUE,TRUE
CHOLAMANDALAM FINANCIAL HOLDINGS LTD,Q4-2025,Fintech,TRUE,TRUE,TRUE,FALSE
CHOLAMANDALAM IN & FIN CO,Q4-2025,Fintech,TRUE,TRUE,TRUE,TRUE
CONSO. FIN. & HOLD. LTD.,Q4-2025,Fintech,FALSE,FALSE,FALSE,FALSE
CREDITACCESS GRAMEEN LTD,Q4-2025,Fintech,TRUE,TRUE,TRUE,TRUE
CREST VENTURES LIMITED,Q4-2025,Fintech,FALSE,FALSE,TRUE,FALSE
CRISIL LTD,Q4-2025,Fintech,TRUE,TRUE,TRUE,FALSE
CSL FINANCE LIMITED,Q4-2025,Fintech,TRUE,TRUE,TRUE,FALSE
DCM FINANCIAL SERVICES LT,Q4-2025,Fintech,FALSE,FALSE,FALSE,FALSE
DELPHI WORLD MONEY LTD,Q4-2025,Fintech,FALSE,FALSE,TRUE,FALSE
DHUNSERI INVESTMENTS LTD,Q4-2025,Fintech,FALSE,FALSE,FALSE,FALSE
EDELWEISS FIN SERV LTD,Q4-2025,Fintech,TRUE,TRUE,TRUE,TRUE
FEDBANK FINANCIAL SER L,Q4-2025,Fintech,TRUE,TRUE,TRUE,TRUE
FIVE-STAR BUS FIN LTD,Q4-2025,Fintech,TRUE,TRUE,TRUE,TRUE
FUSION FINANCE LIMITED,Q4-2025,Fintech,TRUE,TRUE,TRUE,TRUE
GACM TECHNOLOGIES LIMITED,Q4-2025,Fintech,FALSE,FALSE,FALSE,FALSE
GFL LIMITED,Q4-2025,Fintech,FALSE,FALSE,FALSE,FALSE
GIC HOUSING FINANCE LTD,Q4-2025,Fintech,FALSE,FALSE,FALSE,FALSE
GKW LIMITED,Q4-2025,Fintech,FALSE,FALSE,FALSE,FALSE
GUJARAT LEASE FINANCING L,Q4-2025,Fintech,FALSE,FALSE,FALSE,FALSE
HB STOCKHOLDINGS LIMITED,Q4-2025,Fintech,FALSE,FALSE,FALSE,FALSE
HEXA TRADEX LIMITED,Q4-2025,Fintech,FALSE,FALSE,FALSE,FALSE
HOME FIRST FIN CO IND LTD,Q4-2025,Fintech,TRUE,TRUE,TRUE,TRUE
HSG & URBAN DEV CORPN LTD,Q4-2025,Fintech,TRUE,TRUE,TRUE,TRUE
IBL FINANCE LIMITED,Q4-2025,Fintech,FALSE,FALSE,FALSE,FALSE
IFCI LTD,Q4-2025,Fintech,FALSE,FALSE,FALSE,FALSE
IIFL FINANCE LIMITED,Q4-2025,Fintech,TRUE,TRUE,TRUE,FALSE
INDIA SHELTER FIN CORP L,Q4-2025,Fintech,TRUE,TRUE,TRUE,FALSE
INDIAN RAILWAY FIN CORP L,Q4-2025,Fintech,TRUE,TRUE,TRUE,TRUE
INDIAN RENEWABLE ENERGY,Q4-2025,Fintech,FALSE,FALSE,TRUE,FALSE
INDOSTAR CAPITAL FIN LTD,Q4-2025,Fintech,TRUE,TRUE,TRUE,TRUE
INDUSTRIAL INV TRUST LTD,Q4-2025,Fintech,FALSE,FALSE,FALSE,FALSE
JIND POL INV & FIN CO LTD,Q4-2025,Fintech,FALSE,FALSE,FALSE,FALSE
JINDAL PHOTO LIMITED,Q4-2025,Fintech,FALSE,FALSE,FALSE,FALSE
JM FINANCIAL LIMITED,Q4-2025,Fintech,TRUE,TRUE,TRUE,TRUE
JSW HOLDINGS LIMITED,Q4-2025,Fintech,FALSE,FALSE,FALSE,FALSE
KALYANI INVEST CO LTD,Q4-2025,Fintech,FALSE,FALSE,FALSE,FALSE
L&T FINANCE LIMITED,Q4-2025,Fintech,TRUE,TRUE,TRUE,TRUE
LAKSHMI FIN IND CORP LTD,Q4-2025,Fintech,FALSE,FALSE,FALSE,FALSE
LIC HOUSING FINANCE LTD,Q4-2025,Fintech,TRUE,TRUE,TRUE,FALSE
M&M FIN. SERVICES LTD,Q4-2025,Fintech,TRUE,TRUE,TRUE,TRUE
MAHA RASHTRA APEX COPR. L,Q4-2025,Fintech,FALSE,FALSE,FALSE,FALSE
MAHARASHTRA SCOOTERS LTD,Q4-2025,Fintech,FALSE,FALSE,FALSE,FALSE
MANAPPURAM FINANCE LTD,Q4-2025,Fintech,TRUE,TRUE,TRUE,TRUE
MANBA FINANCE LIMITED,Q4-2025,Fintech,TRUE,TRUE,TRUE,FALSE
MANGAL CREDIT N FINCORP L,Q4-2025,Fintech,FALSE,FALSE,TRUE,FALSE
MAS FINANCIAL SERV LTD,Q4-2025,Fintech,TRUE,TRUE,TRUE,TRUE
MASK INVESTMENTS LIMITED,Q4-2025,Fintech,FALSE,FALSE,FALSE,FALSE
MAX INDIA LIMITED,Q4-2025,Fintech,TRUE,TRUE,TRUE,TRUE
MOS UTILITY LIMITED,Q4-2025,Fintech,FALSE,FALSE,FALSE,FALSE
MUFIN GREEN FINANCE LTD,Q4-2025,Fintech,FALSE,FALSE,FALSE,FALSE
MUTHOOT CAP SERV LTD,Q4-2025,Fintech,TRUE,TRUE,TRUE,FALSE
MUTHOOT FINANCE LIMITED,Q4-2025,Fintech,TRUE,TRUE,TRUE,FALSE
MUTHOOT MICROFIN LIMITED,Q4-2025,Fintech,TRUE,TRUE,TRUE,TRUE
MY MUDRA FINCORP LIMITED,Q4-2025,Fintech,FALSE,FALSE,FALSE,FALSE
N.B.I. IND. FIN. CO. LTD,Q4-2025,Fintech,FALSE,FALSE,FALSE,FALSE
NAGA DHUNSERI GROUP LTD,Q4-2025,Fintech,FALSE,FALSE,FALSE,FALSE
NAGREEKA CAP & INFR.LTD,Q4-2025,Fintech,FALSE,FALSE,FALSE,FALSE
NAHAR CAP & FIN.,Q4-2025,Fintech,FALSE,FALSE,FALSE,FALSE
NALWA SONS INVESTMENT LTD,Q4-2025,Fintech,FALSE,FALSE,FALSE,FALSE
NDL VENTURES LIMITED,Q4-2025,Fintech,FALSE,FALSE,FALSE,FALSE
NORTHERN ARC CAPITAL LTD,Q4-2025,Fintech,TRUE,TRUE,TRUE,TRUE
OSWAL GREENTECH LIMITED,Q4-2025,Fintech,FALSE,FALSE,FALSE,FALSE
PAISALO DIGITAL LIMITED,Q4-2025,Fintech,TRUE,TRUE,TRUE,FALSE
PARAS PETROFILS LTD.,Q4-2025,Fintech,FALSE,FALSE,FALSE,FALSE
PILANI INV & IND COR LTD,Q4-2025,Fintech,FALSE,FALSE,FALSE,FALSE
PIRAMAL ENTERPRISES LTD,Q4-2025,Fintech,FALSE,FALSE,TRUE,FALSE
PNB GILTS LIMITED,Q4-2025,Fintech,FALSE,FALSE,FALSE,FALSE
PNB HOUSING FIN LTD.,Q4-2025,Fintech,TRUE,TRUE,TRUE,TRUE
POONAWALLA FINCORP LTD,Q4-2025,Fintech,TRUE,TRUE,TRUE,TRUE
POWER FIN CORP LTD.,Q4-2025,Fintech,TRUE,TRUE,TRUE,FALSE
PRIME SECURITIES LIMITED,Q4-2025,Fintech,FALSE,FALSE,FALSE,FALSE
RANE HOLDINGS LIMITED,Q4-2025,Fintech,TRUE,TRUE,TRUE,TRUE
REC LIMITED,Q4-2025,Fintech,TRUE,TRUE,TRUE,TRUE
RELIABLE DATA SERVICE LTD,Q4-2025,Fintech,FALSE,FALSE,FALSE,FALSE
RELIANCE HOME FINANCE LTD,Q4-2025,Fintech,FALSE,FALSE,FALSE,FALSE
RELIGARE ENTER. LTD.,Q4-2025,Fintech,FALSE,FALSE,FALSE,FALSE
REPCO HOME FINANCE LTD,Q4-2025,Fintech,TRUE,TRUE,TRUE,FALSE
SAMMAAN CAPITAL LIMITED,Q4-2025,Fintech,TRUE,TRUE,FALSE,FALSE
SATIN CREDIT NET LTD,Q4-2025,Fintech,TRUE,TRUE,TRUE,FALSE
SBFC FINANCE LIMITED,Q4-2025,Fintech,TRUE,TRUE,TRUE,TRUE
SBI CARDS & PAY SER LTD,Q4-2025,Fintech,TRUE,TRUE,TRUE,TRUE
SHIPPING CORP OF ILA LTD,Q4-2025,Fintech,FALSE,FALSE,FALSE,FALSE
SHRIRAM FINANCE LIMITED,Q4-2025,Fintech,TRUE,TRUE,TRUE,TRUE
SIL INVESTMENTS LIMITED,Q4-2025,Fintech,FALSE,FALSE,FALSE,FALSE
SPANDANA SPHOORTY FIN LTD,Q4-2025,Fintech,TRUE,TRUE,TRUE,FALSE
SRG HOUSING FINANCE L,Q4-2025,Fintech,TRUE,TRUE,TRUE,FALSE
STARTECK FINANCE LIMITED,Q4-2025,Fintech,FALSE,FALSE,FALSE,FALSE
STEL HOLDINGS LIMITED,Q4-2025,Fintech,FALSE,FALSE,FALSE,FALSE
SUMMIT SECURITIES LTD,Q4-2025,Fintech,FALSE,FALSE,FALSE,FALSE
SUNDARAM FINANCE HOLD LTD,Q4-2025,Fintech,FALSE,FALSE,FALSE,FALSE
SUVIDHAA INFOSERVE LTD,Q4-2025,Fintech,FALSE,FALSE,FALSE,FALSE
TATA INVESTMENT CORP LTD,Q4-2025,Fintech,FALSE,FALSE,FALSE,FALSE
TCI FINANCE LTD,Q4-2025,Fintech,FALSE,FALSE,FALSE,FALSE
THE INVEST TRUST OF IND L,Q4-2025,Fintech,FALSE,FALSE,FALSE,FALSE
TIMES GUARANTY LIMITED,Q4-2025,Fintech,FALSE,FALSE,FALSE,FALSE
TOURISM FINANCE CORP. OF,Q4-2025,Fintech,FALSE,FALSE,TRUE,FALSE
TRANSWARRANTY FIN. LTD.,Q4-2025,Fintech,FALSE,FALSE,FALSE,FALSE
TRUCAP FINANCE LIMITED,Q4-2025,Fintech,FALSE,FALSE,TRUE,FALSE
TVS HOLDINGS LIMITED,Q4-2025,Fintech,FALSE,FALSE,FALSE,FALSE
U. Y. FINCORP LIMITED,Q4-2025,Fintech,FALSE,FALSE,FALSE,FALSE
UGRO CAPITAL LIMITED,Q4-2025,Fintech,TRUE,TRUE,TRUE,FALSE
USHA FINANCIAL SERVICES L,Q4-2025,Fintech,FALSE,FALSE,FALSE,FALSE
VARDHMAN HOLDINGS LIMITED,Q4-2025,Fintech,FALSE,FALSE,FALSE,FALSE
VIJI FINANCE LIMITED,Q4-2025,Fintech,FALSE,FALSE,FALSE,FALSE
VLS FINANCE LTD,Q4-2025,Fintech,FALSE,FALSE,FALSE,FALSE
WEALTH FRST PORT. MG. LTD,Q4-2025,Fintech,TRUE,TRUE,TRUE,TRUE
WELSPUN INV & COMM LTD,Q4-2025,Fintech,FALSE,FALSE,FALSE,FALSE
WILLIAMSON MAGOR,Q4-2025,Fintech,FALSE,FALSE,FALSE,FALSE
AATMAJ HEALTHCARE LIMITED,Q4-2025,Healthcare,FALSE,FALSE,FALSE,FALSE
APOLLO HOSPITALS ENTER. L,Q4-2025,Healthcare,TRUE,TRUE,TRUE,TRUE
APRAMEYA ENGINEERING LTD,Q4-2025,Healthcare,TRUE,TRUE,TRUE,FALSE
ARTEMIS MED SERVICE LTD,Q4-2025,Healthcare,FALSE,FALSE,TRUE,FALSE
ASTER DM HEALTHCARE LTD.,Q4-2025,Healthcare,TRUE,TRUE,TRUE,FALSE
CHANDAN HEALTHCARE LTD,Q4-2025,Healthcare,FALSE,FALSE,FALSE,FALSE
DR AGARWALS HEALTH CARE L,Q4-2025,Healthcare,TRUE,TRUE,TRUE,FALSE
DR. LAL PATH LABS LTD.,Q4-2025,Healthcare,TRUE,TRUE,TRUE,TRUE
FORTIS HEALTHCARE LTD,Q4-2025,Healthcare,TRUE,TRUE,TRUE,FALSE
GLOBAL HEALTH LIMITED,Q4-2025,Healthcare,TRUE,TRUE,TRUE,FALSE
GPT HEALTHCARE LIMITED,Q4-2025,Healthcare,TRUE,TRUE,TRUE,FALSE
HEALTHCARE GLOB. ENT. LTD,Q4-2025,Healthcare,TRUE,TRUE,TRUE,FALSE
INDEGENE LIMITED,Q4-2025,Healthcare,TRUE,TRUE,TRUE,TRUE
INDRAPRASTHA MEDICAL CORP,Q4-2025,Healthcare,FALSE,FALSE,FALSE,FALSE
JUPITER LIFE LINE HOSP L,Q4-2025,Healthcare,TRUE,TRUE,TRUE,TRUE
KRISHNA INST OF MED SCI L,Q4-2025,Healthcare,TRUE,TRUE,TRUE,FALSE
KRSNAA DIAGNOSTICS LTD,Q4-2025,Healthcare,TRUE,TRUE,TRUE,FALSE
LAXMI DENTAL LIMITED,Q4-2025,Healthcare,TRUE,TRUE,TRUE,FALSE
LOTUS EYE HOSP & INST L,Q4-2025,Healthcare,FALSE,FALSE,FALSE,FALSE
MAITREYA MEDICARE LIMITED,Q4-2025,Healthcare,FALSE,FALSE,FALSE,FALSE
MAX HEALTHCARE INS LTD,Q4-2025,Healthcare,TRUE,TRUE,TRUE,TRUE
METROPOLIS HEALTHCARE LTD,Q4-2025,Healthcare,TRUE,TRUE,TRUE,FALSE
MOHINI HEALTH&HYGIENE LTD,Q4-2025,Healthcare,FALSE,FALSE,FALSE,FALSE
NARAYANA HRUDAYALAYA LTD.,Q4-2025,Healthcare,TRUE,TRUE,TRUE,FALSE
NEPHRO CARE INDIA LIMITED,Q4-2025,Healthcare,FALSE,FALSE,FALSE,FALSE
NIDAN LABS AND HEALTH LTD,Q4-2025,Healthcare,FALSE,FALSE,FALSE,FALSE
NURECA LIMITED,Q4-2025,Healthcare,FALSE,FALSE,TRUE,FALSE
OSEL DEVICES LIMITED,Q4-2025,Healthcare,TRUE,TRUE,TRUE,FALSE
POLY MEDICURE LIMITED,Q4-2025,Healthcare,TRUE,TRUE,TRUE,TRUE
QMS MEDICAL ALLIED S LTD,Q4-2025,Healthcare,FALSE,FALSE,FALSE,FALSE
RAINBOW CHILDRENS MED LTD,Q4-2025,Healthcare,TRUE,TRUE,TRUE,FALSE
SANGANI HOSPITALS LIMITED,Q4-2025,Healthcare,FALSE,FALSE,FALSE,FALSE
SASTASUNDAR VENTURES LTD,Q4-2025,Healthcare,TRUE,TRUE,TRUE,FALSE
SHALBY LIMITED,Q4-2025,Healthcare,TRUE,TRUE,TRUE,FALSE
SURAKSHA DIAGNOSTIC LTD,Q4-2025,Healthcare,TRUE,TRUE,TRUE,FALSE
SUVEN LIFE SCIENCES LTD,Q4-2025,Healthcare,FALSE,FALSE,FALSE,FALSE
SYNGENE INTERNATIONAL LTD,Q4-2025,Healthcare,TRUE,TRUE,FALSE,TRUE
TAKE SOLUTIONS LTD,Q4-2025,Healthcare,FALSE,FALSE,FALSE,FALSE
TARSONS PRODUCTS LIMITED,Q4-2025,Healthcare,TRUE,TRUE,TRUE,TRUE
THYROCARE TECH LTD,Q4-2025,Healthcare,TRUE,TRUE,TRUE,TRUE
UNIHEALTH HOSPITALS LTD,Q4-2025,Healthcare,TRUE,TRUE,TRUE,FALSE
VAIDYA SANE AYUR LAB LTD,Q4-2025,Healthcare,TRUE,TRUE,TRUE,FALSE
VASA DENTICITY LIMITED,Q4-2025,Healthcare,TRUE,TRUE,TRUE,FALSE
VIJAYA DIAGNOSTIC CEN LTD,Q4-2025,Healthcare,TRUE,TRUE,TRUE,FALSE
VIMTA LABS LIMITED,Q4-2025,Healthcare,TRUE,TRUE,TRUE,TRUE
YATHARTH HOSP & TRA C S L,Q4-2025,Healthcare,TRUE,TRUE,TRUE,FALSE
TCS,Q4-2024,IT Service,FALSE,FALSE,FALSE,FALSE
Infosys,Q3-2023,IT Service,FALSE,FALSE,FALSE,FALSE
AAREY DRUGS & PHARM LTD,Q4-2025,Pharmaceuticals,FALSE,FALSE,FALSE,FALSE
AARTI DRUGS LTD.,Q4-2025,Pharmaceuticals,TRUE,TRUE,TRUE,TRUE
AARTI PHARMALABS LIMITED,Q4-2025,Pharmaceuticals,TRUE,TRUE,TRUE,TRUE
ABBOTT INDIA LIMITED,Q4-2025,Pharmaceuticals,FALSE,FALSE,FALSE,FALSE
ACCENT MICROCELL LIMITED,Q4-2025,Pharmaceuticals,TRUE,TRUE,TRUE,TRUE
ACCRETION PHARMA LIMITED,Q4-2025,Pharmaceuticals,FALSE,FALSE,FALSE,FALSE
ADVANCED ENZYME TECH LTD,Q4-2025,Pharmaceuticals,TRUE,TRUE,TRUE,FALSE
AJANTA PHARMA LIMITED,Q4-2025,Pharmaceuticals,TRUE,TRUE,TRUE,TRUE
AKUMS DRUGS AND PHARMA L,Q4-2025,Pharmaceuticals,TRUE,TRUE,TRUE,TRUE
ALBERT DAVID LIMITED,Q4-2025,Pharmaceuticals,FALSE,FALSE,FALSE,FALSE
ALEMBIC PHARMA LTD,Q4-2025,Pharmaceuticals,TRUE,TRUE,TRUE,FALSE
ALIVUS LIFE SCIENCES LTD,Q4-2025,Pharmaceuticals,TRUE,TRUE,TRUE,FALSE
ALKEM LABORATORIES LTD.,Q4-2025,Pharmaceuticals,TRUE,TRUE,TRUE,FALSE
ALPA LABORATORIES LTD,Q4-2025,Pharmaceuticals,FALSE,FALSE,FALSE,FALSE
AMRUTAJAN HEALTH LTD,Q4-2025,Pharmaceuticals,FALSE,FALSE,TRUE,FALSE
ANUH PHARMA LIMITED,Q4-2025,Pharmaceuticals,FALSE,FALSE,TRUE,FALSE
ASTRAZENECA PHARMA IND LT,Q4-2025,Pharmaceuticals,FALSE,FALSE,FALSE,FALSE
AUROBINDO PHARMA LTD,Q4-2025,Pharmaceuticals,TRUE,TRUE,TRUE,FALSE
BAFNA PHARMACEUTICALS LTD,Q4-2025,Pharmaceuticals,FALSE,FALSE,FALSE,FALSE
BAJAJ HEALTHCARE LIMITED,Q4-2025,Pharmaceuticals,FALSE,FALSE,FALSE,FALSE
BAL PHARMA LTD.,Q4-2025,Pharmaceuticals,FALSE,FALSE,FALSE,FALSE
BALAXI PHARMA LTD,Q4-2025,Pharmaceuticals,FALSE,FALSE,TRUE,FALSE
BETA DRUGS LIMITED,Q4-2025,Pharmaceuticals,TRUE,TRUE,TRUE,TRUE
BIOCON LIMITED.,Q4-2025,Pharmaceuticals,TRUE,TRUE,TRUE,FALSE
BIOFIL CHEM & PHARMA LTD,Q4-2025,Pharmaceuticals,FALSE,FALSE,FALSE,FALSE
BLISS GVS PHARMA LTD,Q4-2025,Pharmaceuticals,FALSE,FALSE,FALSE,FALSE
BLUE JET HEALTHCARE LTD,Q4-2025,Pharmaceuticals,TRUE,TRUE,TRUE,FALSE
BROOKS LAB LIMITED,Q4-2025,Pharmaceuticals,FALSE,FALSE,FALSE,FALSE
CAPLIN POINT LAB LTD.,Q4-2025,Pharmaceuticals,TRUE,TRUE,TRUE,TRUE
CIPLA LTD,Q4-2025,Pharmaceuticals,TRUE,TRUE,TRUE,FALSE
COHANCE LIFESCIENCES LTD,Q4-2025,Pharmaceuticals,TRUE,TRUE,TRUE,TRUE
CONCORD BIOTECH LIMITED,Q4-2025,Pharmaceuticals,TRUE,TRUE,TRUE,TRUE
DISHMAN CARBO AMCIS LTD,Q4-2025,Pharmaceuticals,TRUE,TRUE,TRUE,FALSE
DIVI S LABORATORIES LTD,Q4-2025,Pharmaceuticals,TRUE,TRUE,FALSE,FALSE
DR. REDDY S LABORATORIES,Q4-2025,Pharmaceuticals,TRUE,TRUE,FALSE,TRUE
EMCURE PHARMACEUTICALS L,Q4-2025,Pharmaceuticals,TRUE,TRUE,FALSE,FALSE
ERIS LIFESCIENCES LIMITED,Q4-2025,Pharmaceuticals,TRUE,TRUE,TRUE,FALSE
FDC LIMITED,Q4-2025,Pharmaceuticals,FALSE,FALSE,FALSE,FALSE
GLAND PHARMA LIMITED,Q4-2025,Pharmaceuticals,TRUE,TRUE,TRUE,FALSE
GLAXOSMITHKLINE PHARMA LT,Q4-2025,Pharmaceuticals,TRUE,TRUE,TRUE,FALSE
GLENMARK PHARMACEUTICALS,Q4-2025,Pharmaceuticals,TRUE,TRUE,TRUE,FALSE
GRANULES INDIA LIMITED,Q4-2025,Pharmaceuticals,TRUE,TRUE,TRUE,TRUE
GUFIC BIOSCIENCES LTD.,Q4-2025,Pharmaceuticals,TRUE,TRUE,TRUE,FALSE
GUJARAT THEMIS BIOSYN LTD,Q4-2025,Pharmaceuticals,FALSE,FALSE,TRUE,FALSE
HESTER BIOSCIENCES LTD,Q4-2025,Pharmaceuticals,TRUE,TRUE,FALSE,FALSE
HIKAL LIMITED,Q4-2025,Pharmaceuticals,TRUE,TRUE,TRUE,TRUE
IND SWIFT LABORATORIES LT,Q4-2025,Pharmaceuticals,FALSE,FALSE,FALSE,FALSE
IND-SWIFT LIMITED,Q4-2025,Pharmaceuticals,FALSE,FALSE,FALSE,FALSE
INDOCO REMEDIES LTD.,Q4-2025,Pharmaceuticals,TRUE,TRUE,TRUE,FALSE
INFINIUM PHARMACHEM LTD,Q4-2025,Pharmaceuticals,FALSE,FALSE,FALSE,FALSE
INNOVA CAPTAB LIMITED,Q4-2025,Pharmaceuticals,TRUE,TRUE,TRUE,TRUE
IOL CHEM AND PHARMA LTD,Q4-2025,Pharmaceuticals,TRUE,TRUE,TRUE,FALSE
IPCA LABORATORIES LTD,Q4-2025,Pharmaceuticals,TRUE,TRUE,FALSE,FALSE
J B CHEMICALS AND PHARMA,Q4-2025,Pharmaceuticals,TRUE,TRUE,TRUE,FALSE
JAGSONPAL PHARMACEUTICALS,Q4-2025,Pharmaceuticals,TRUE,TRUE,TRUE,FALSE
JEENA SIKHO LIFECARE LTD,Q4-2025,Pharmaceuticals,TRUE,TRUE,TRUE,TRUE
JUBILANT PHARMOVA LTD,Q4-2025,Pharmaceuticals,FALSE,FALSE,TRUE,FALSE
KILITCH DRUGS INDIA LTD,Q4-2025,Pharmaceuticals,FALSE,FALSE,FALSE,FALSE
KOPRAN LTD,Q4-2025,Pharmaceuticals,FALSE,FALSE,TRUE,FALSE
KREBS BIOCHEMICALS & IND,Q4-2025,Pharmaceuticals,FALSE,FALSE,FALSE,FALSE
LASA SUPERGENERICS LTD,Q4-2025,Pharmaceuticals,FALSE,FALSE,FALSE,FALSE
LAURUS LABS LIMITED,Q4-2025,Pharmaceuticals,TRUE,TRUE,TRUE,TRUE
LINCOLN PHARMA LTD,Q4-2025,Pharmaceuticals,FALSE,FALSE,TRUE,FALSE
LUPIN LIMITED,Q4-2025,Pharmaceuticals,TRUE,TRUE,TRUE,FALSE
LYKA LABS LTD,Q4-2025,Pharmaceuticals,FALSE,FALSE,FALSE,FALSE
MANGALAM DRUG & CHEM LTD,Q4-2025,Pharmaceuticals,FALSE,FALSE,FALSE,FALSE
MANKIND PHARMA LIMITED,Q4-2025,Pharmaceuticals,TRUE,TRUE,TRUE,FALSE
MARKSANS PHARMA LIMITED,Q4-2025,Pharmaceuticals,TRUE,TRUE,TRUE,FALSE
MEDICAMEN BIOTECH LIMITED,Q4-2025,Pharmaceuticals,FALSE,FALSE,FALSE,FALSE
MEDICAMEN ORGANICS LTD,Q4-2025,Pharmaceuticals,TRUE,TRUE,TRUE,FALSE
MEDICO REMEDIES LIMITED,Q4-2025,Pharmaceuticals,FALSE,FALSE,FALSE,FALSE
MOREPEN LAB. LTD,Q4-2025,Pharmaceuticals,TRUE,TRUE,TRUE,TRUE
NATCO PHARMA LTD.,Q4-2025,Pharmaceuticals,TRUE,TRUE,TRUE,TRUE
NATURAL CAPSULES LIMITED,Q4-2025,Pharmaceuticals,TRUE,TRUE,FALSE,FALSE
NECTAR LIFESCIENCES LTD.,Q4-2025,Pharmaceuticals,FALSE,FALSE,TRUE,FALSE
NEULAND LAB LTD.,Q4-2025,Pharmaceuticals,TRUE,TRUE,TRUE,TRUE
NGL FINE CHEM LIMITED,Q4-2025,Pharmaceuticals,TRUE,TRUE,TRUE,FALSE
ONESOURCE SPECL PHARMA L,Q4-2025,Pharmaceuticals,TRUE,TRUE,TRUE,FALSE
ORCHID PHARMA LIMITED,Q4-2025,Pharmaceuticals,TRUE,TRUE,TRUE,FALSE
ORTIN GLOBAL LIMITED,Q4-2025,Pharmaceuticals,FALSE,FALSE,FALSE,FALSE
PANACEA BIOTEC LTD,Q4-2025,Pharmaceuticals,FALSE,FALSE,FALSE,FALSE
PAR DRUGS AND CHEM LTD,Q4-2025,Pharmaceuticals,FALSE,FALSE,FALSE,FALSE
PFIZER LTD,Q4-2025,Pharmaceuticals,FALSE,FALSE,FALSE,FALSE
PIRAMAL PHARMA LIMITED,Q4-2025,Pharmaceuticals,TRUE,TRUE,TRUE,FALSE
PROCTER & GAMBLE HEALTH L,Q4-2025,Pharmaceuticals,TRUE,TRUE,TRUE,FALSE
QUEST LABORATORIES LTD,Q4-2025,Pharmaceuticals,FALSE,FALSE,TRUE,FALSE
REMUS PHARMACEUTICALS L,Q4-2025,Pharmaceuticals,TRUE,TRUE,TRUE,FALSE
RPG LIFE SCIENCES LTD,Q4-2025,Pharmaceuticals,FALSE,FALSE,TRUE,FALSE
SAI LIFE SCIENCES LIMITED,Q4-2025,Pharmaceuticals,TRUE,TRUE,TRUE,FALSE
SAKAR HEALTHCARE LIMITED,Q4-2025,Pharmaceuticals,FALSE,FALSE,FALSE,FALSE
SANOFI CONS HEALTHC IND L,Q4-2025,Pharmaceuticals,FALSE,FALSE,FALSE,FALSE
SANOFI INDIA LIMITED,Q4-2025,Pharmaceuticals,FALSE,FALSE,FALSE,FALSE
SAT KARTAR SHOPPING LTD,Q4-2025,Pharmaceuticals,TRUE,TRUE,TRUE,TRUE
SENORES PHARMACEUTICALS L,Q4-2025,Pharmaceuticals,TRUE,TRUE,TRUE,TRUE
SEQUENT SCIENTIFIC LTD.,Q4-2025,Pharmaceuticals,TRUE,TRUE,TRUE,TRUE
SHILPA MEDICARE LTD,Q4-2025,Pharmaceuticals,TRUE,TRUE,TRUE,TRUE
SIGACHI INDUSTRIES LTD,Q4-2025,Pharmaceuticals,TRUE,TRUE,TRUE,TRUE
SMS LIFESCIENCES (I) LTD,Q4-2025,Pharmaceuticals,FALSE,FALSE,FALSE,FALSE
SMS PHARMACEUTICALS LTD.,Q4-2025,Pharmaceuticals,TRUE,TRUE,TRUE,FALSE
SOLARA ACTIVE PHA SCI LTD,Q4-2025,Pharmaceuticals,TRUE,TRUE,FALSE,TRUE
STRIDES PHARMA SCI LTD,Q4-2025,Pharmaceuticals,TRUE,TRUE,TRUE,FALSE
SUN PHARMA ADV.RES.CO.LTD,Q4-2025,Pharmaceuticals,FALSE,FALSE,FALSE,FALSE
SUN PHARMACEUTICAL IND L,Q4-2025,Pharmaceuticals,TRUE,TRUE,FALSE,TRUE
SUPRIYA LIFESCIENCE LTD,Q4-2025,Pharmaceuticals,TRUE,TRUE,TRUE,TRUE
SYNCOM FORMU (I) LTD,Q4-2025,Pharmaceuticals,FALSE,FALSE,FALSE,FALSE
THEMIS MEDICARE LTD.,Q4-2025,Pharmaceuticals,FALSE,FALSE,TRUE,FALSE
TORRENT PHARMACEUTICALS L,Q4-2025,Pharmaceuticals,TRUE,TRUE,FALSE,FALSE
VINEET LABORATORIES LTD,Q4-2025,Pharmaceuticals,FALSE,FALSE,FALSE,FALSE
WANBURY LIMITED,Q4-2025,Pharmaceuticals,FALSE,FALSE,FALSE,FALSE
WINDLAS BIOTECH LIMITED,Q4-2025,Pharmaceuticals,TRUE,TRUE,TRUE,FALSE
WOCKHARDT LIMITED,Q4-2025,Pharmaceuticals,TRUE,TRUE,TRUE,FALSE
ZENITH DRUGS LIMITED,Q4-2025,Pharmaceuticals,FALSE,FALSE,FALSE,FALSE
ZIM LABORATORIES LIMITED,Q4-2025,Pharmaceuticals,TRUE,TRUE,TRUE,FALSE
ZOTA HEALTH CARE LIMITED,Q4-2025,Pharmaceuticals,TRUE,TRUE,TRUE,FALSE
ZYDUS LIFESCIENCES LTD,Q4-2025,Pharmaceuticals,TRUE,TRUE,TRUE,FALSE
INFOSYS LTD,Q2-2026,Tech,TRUE,FALSE,FALSE,TRUE
TATA CONSULTANCY SERVICES LTD,Q2-2026,Tech,TRUE,FALSE,TRUE,FALSE
WIPRO LTD,Q2-2026,Tech,TRUE,FALSE,TRUE,TRUE
TECH MAHINDRA LTD,Q2-2026,Tech,FALSE,FALSE,TRUE,FALSE
HCL TECHNOLOGIES LTD,Q2-2026,Tech,TRUE,FALSE,TRUE,TRUE